{
 "(0, 0, 0)": 5.39619297923884,
 "(0, 0, 1)": 5.44577572315945,
 "(0, 1, 0)": 5.50538283520429,
 "(0, 1, 1)": 5.44577572315945,
 "(1, 0, 0)": 5.44577572315945,
 "(1, 0, 1)": 5.50538283520429,
 "(1, 1, 0)": 5.44577572315945,
 "(1, 1, 1)": 5.39619297923884
}