{
 "(0, 0, 0, 0)": 7.93082798351714,
 "(0, 0, 0, 1)": 8.18700578068948,
 "(0, 0, 1, 0)": 8.25763513504221,
 "(0, 0, 1, 1)": 8.33920444140184,
 "(0, 1, 0, 0)": 8.25763513504221,
 "(0, 1, 0, 1)": 8.25870400334844,
 "(0, 1, 1, 0)": 8.4067135446437,
 "(0, 1, 1, 1)": 8.18700578068948,
 "(1, 0, 0, 0)": 8.18700578068948,
 "(1, 0, 0, 1)": 8.4067135446437,
 "(1, 0, 1, 0)": 8.25870400334844,
 "(1, 0, 1, 1)": 8.25763513504221,
 "(1, 1, 0, 0)": 8.33920444140184,
 "(1, 1, 0, 1)": 8.25763513504221,
 "(1, 1, 1, 0)": 8.18700578068948,
 "(1, 1, 1, 1)": 7.93082798351714
}