{
 "(0, 0, 0, 0, 0)": 10.7125788299766,
 "(0, 0, 0, 0, 1)": 11.2163422866409,
 "(0, 0, 0, 1, 0)": 11.3220449369116,
 "(0, 0, 0, 1, 1)": 11.6235200752054,
 "(0, 0, 1, 0, 0)": 11.4304876011553,
 "(0, 0, 1, 0, 1)": 11.5584871398215,
 "(0, 0, 1, 1, 0)": 11.6802615228513,
 "(0, 0, 1, 1, 1)": 11.6235200752054,
 "(0, 1, 0, 0, 0)": 11.3220449369116,
 "(0, 1, 0, 0, 1)": 11.5089739973476,
 "(0, 1, 0, 1, 0)": 11.5378437726564,
 "(0, 1, 0, 1, 1)": 11.5584871398215,
 "(0, 1, 1, 0, 0)": 11.6802615228513,
 "(0, 1, 1, 0, 1)": 11.5089739973476,
 "(0, 1, 1, 1, 0)": 11.8340194957147,
 "(0, 1, 1, 1, 1)": 11.2163422866409,
 "(1, 0, 0, 0, 0)": 11.2163422866409,
 "(1, 0, 0, 0, 1)": 11.8340194957147,
 "(1, 0, 0, 1, 0)": 11.5089739973476,
 "(1, 0, 0, 1, 1)": 11.6802615228513,
 "(1, 0, 1, 0, 0)": 11.5584871398215,
 "(1, 0, 1, 0, 1)": 11.5378437726564,
 "(1, 0, 1, 1, 0)": 11.5089739973476,
 "(1, 0, 1, 1, 1)": 11.3220449369116,
 "(1, 1, 0, 0, 0)": 11.6235200752054,
 "(1, 1, 0, 0, 1)": 11.6802615228513,
 "(1, 1, 0, 1, 0)": 11.5584871398215,
 "(1, 1, 0, 1, 1)": 11.4304876011553,
 "(1, 1, 1, 0, 0)": 11.6235200752054,
 "(1, 1, 1, 0, 1)": 11.3220449369116,
 "(1, 1, 1, 1, 0)": 11.2163422866409,
 "(1, 1, 1, 1, 1)": 10.7125788299766
}